"HabHyg","Hip","Hab?","Display Name","Hyg","BayerFlamsteed","Gliese","BD","HD","HR","Proper Name","Spectral Class","Distance","Xg","Yg","Zg","AbsMag"
0,0,1,"Sol",0,"Sol",,,,,"Sol","G2V",0,0,0,0,4.85
1,70890,,"Proxima Centauri",51418,,"Gl 551",,,,"Proxima Centauri","M5Ve",1.3,0.9,-0.9,0,15.48901452
3,71683,1,"Rigel Kentaurus A",51926,"Alpha 1 Centauri","Gl 559",,128620,5459,"Rigel Kentaurus A","G2V",1.3,1,-0.9,0,4.36237068
2,71681,1,"Rigel Kentaurus B",51923,"Alpha 2 Centauri","Gl 559 B",,128621,5460,"Rigel Kentaurus B","K1V",1.3,1,-0.9,0,5.69237068
4,87937,,"Barnard's Star",63339,,"Gl 699",,,,"Barnard's Star","sdM4",1.8,1.5,0.9,0.4,13.24790128
5,0,,"Gl 406",86550,,"Gl 406",,,"-",,"M6",2.4,-0.6,-1.2,2,16.55743932
6,54035,,"Lalande 21185",40008,,"Gl 411",,95735,,"Lalande 21185","M2V",2.5,-1.1,-0.1,2.3,10.44864499
10,32349,,"Sirius",23440,"9 Alpha Canis Majoris","Gl 244",,48915,2491,"Sirius","A0m...",2.6,-1.8,-1.9,-0.4,1.464398907
9,0,,"Gl 244 B",86261,,"Gl 244 B",,,"-",,"DA2",2.6,-1.8,-1.9,-0.4,11.33439891
7,0,,"UV Ceti A",85891,"UV Ceti A","Gl 65 A",,,"-",,"dM5.5e",2.6,-0.6,0.1,-2.5,15.47291438
8,0,,"UV Ceti B",85892,"UV Ceti B","Gl 65 B",,,"-",,"dM5.5e",2.6,-0.6,0.1,-2.5,15.60291438
11,92403,,"Gl 729",66660,,"Gl 729",,,,,"M3.5Ve",3,2.9,0.6,-0.5,13.09479628
13,16537,1,"Ran",11608,"18 Epsilon Eridani","Gl 144",,22049,1084,,"K2V",3.2,-2.1,-0.6,-2.4,6.192055687
12,0,,"Gl 905",87444,,"Gl 905",,,"-",,"dM6 e",3.2,-1,2.8,-0.9,14.78568497
14,57548,,"Gl 447",42468,,"Gl 447",,,,,"M4.5V",3.3,0,-1.7,2.9,13.50256408
15,114046,,"Lacaille 9352",82776,,"Gl 887",,217987,,"Lacaille 9352","M2/M3V",3.3,1.3,0.1,-3,9.7536535
16,0,,"EZ Aquarii",87374,"EZ Aquarii","Gl 866",,,"-",,"M5 e",3.4,1.3,1.4,-2.8,15.00395131
18,37279,,"Procyon",27267,"10 Alpha Canis Minoris","Gl 280",,61421,2943,"Procyon","F5IV-V",3.5,-2.8,-1.9,0.8,2.661298621
17,0,,"Gl 280 B",86315,,"Gl 280 B",,,"-",,"DA",3.5,-2.8,-1.9,0.8,12.98129862
19,91772,,"Gl 725 B",66187,,"Gl 725 B",,173740,,,"K5",3.5,0,3.2,1.4,11.9802587
20,104214,,"61 Cygni A",75661,"61 Cygni A","Gl 820",,201091,8085,,"K5V",3.5,0.5,3.4,-0.4,7.500392855
21,104217,,"61 Cygni B",75665,"61 Cygni B","Gl 820 B",,201092,8086,,"K7V",3.5,0.5,3.5,-0.4,8.307422009
23,0,,"DX Cancri",86364,"DX Cancri","GJ 1111",,,"-",,"M6.5",3.6,-2.9,-0.9,1.9,17.01297131
24,1475,,"GX Andromedae",1074,"GX Andromedae","Gl 15 A",,1326,,,"M1V",3.6,-1.5,3,-1.1,10.31788307
22,0,,"GQ Andromedae",85782,"GQ Andromedae","Gl 15 B",,,"-",,"M6 Ve",3.6,-1.5,3,-1.1,13.29788307
25,8102,1,"Tau Ceti",5668,"52 Tau Ceti","Gl 71",,10700,509,,"G8V",3.6,-1,0.1,-3.5,5.68009966
26,91768,,"Gl 725",66185,,"Gl 725",,173739,,,"K5",3.6,0,3.3,1.5,11.13796054
27,108870,,"Epsilon Indi",79138,"Epsilon Indi","Gl 845",,209100,8387,,"K5V",3.6,2.2,-1,-2.7,6.892656352
28,36208,,"Luyten's Star",26436,,"Gl 273","BD+05°1668",,,"Luyten's Star","M5",3.8,-3.2,-2,0.7,11.95192438
29,24186,,"Kapteyn's Star",17126,,"Gl 191",,33793,,"Kapteyn's Star","M0V",3.9,-1.1,-3,-2.3,10.88491382
30,105090,,"Lacaille 8760",76333,,"Gl 825",,202560,,"Lacaille 8760","M1/M2V",3.9,2.8,0.2,-2.8,8.688775957
32,110893,,"Krüger 60",80592,,"Gl 860",,239960,,"Krüger 60","M2V",4,-1,3.9,0,11.83552681
31,0,,"DO Cephei",87361,"DO Cephei","Gl 860 B",,,"-",,"M6 V",4,-1,3.9,0,13.28552681
34,30920,,"V577 Monocerotis A",22323,"V577 Monocerotis A","Gl 234 A",,,,,"M4.5Ve",4.1,-3.4,-2.2,-0.4,13.05704817
33,0,,"V577 Monocerotis B",86248,"V577 Monocerotis B","Gl 234 B",,,"-",,,4.1,-3.4,-2.2,-0.4,16.52704817
35,0,,"GJ 1061",86053,,"GJ 1061",,,"-",,"M4.5",4.3,-0.8,-2.5,-3.4,14.86677961
36,0,,"FL Virginis A",86667,"FL Virginis A","Gl 473",,,"-",,"dM5.5eJ",4.3,0.4,-1.3,4.1,14.86931108
37,0,,"FL Virginis B",86668,"FL Virginis B","Gl 473 B",,,"-",,"M7",4.3,0.4,-1.3,4.1,15.12931108
38,72511,,"Gl 563.2B",52487,,"Gl 563.2B",,,,,"M",4.3,3.3,-1.6,2.1,13.91755585
39,80824,,"BD-12°4523",58133,,"Gl 628","BD-12°4523",,,,"M4",4.3,3.9,0.2,1.7,11.93080683
40,439,,"Gl 1",328,,"Gl 1",,225213,,,"M2V",4.4,1,-0.3,-4.2,10.34230436
41,3829,,"Van Maanen's Star",2671,,"Gl 35",,,,"Van Maanen's Star","DG",4.4,-1.3,2,-3.7,14.15965094
42,15689,,"Hip 15689",11020,,,,,,,,4.4,-2.5,-0.9,-3.5,13.94442971
47,72509,,"Gl 563.2",52486,,"Gl 563.2",,,,,"M",4.5,3.5,-1.7,2.2,13.38980771
48,85523,1,"Gl 674",61538,,"Gl 674",,,,,"K5",4.5,4.3,-1.3,-0.5,11.0863535
49,86162,,"Gl 687",62018,,"Gl 687",,,,,"M3.5Vvar",4.5,-0.6,3.8,2.4,10.90048702
43,0,,"Gl 83.1",85914,,"Gl 83.1",,,"-",,"dM8 e",4.5,-2.6,1.6,-3.2,14.02930041
44,0,,"NN 3522",86406,,"NN 3522",,,"-",,"k",4.5,-2.9,-2.4,2.4,12.64124009
45,0,,"Innes' Star",86533,,"NN 3618",,,"-","Innes' Star","m",4.5,1.4,-4.3,-0.2,15.65957593
46,0,,"NN 3622",86537,,"NN 3622",,,"-",,"M6.5",4.5,-0.5,-3.4,3,17.32196137
50,57367,,"Gl 440",42347,,"Gl 440",,,,,"DC:",4.6,2,-4.1,-0.2,13.17628628
51,114110,,"Hip 114110",82823,,,,,,,,4.6,1.2,1.7,-4.1,13.91749009
52,0,,"GJ 1002",85763,,"GJ 1002",,,"-",,"M5-5.5",4.7,-0.1,1.8,-4.3,15.38985812
53,0,,"V1581 Cygni",87164,"V1581 Cygni","GJ 1245 A",,,"-",,"M5.5 V e",4.7,0.9,4.6,0.7,15.0416793
54,0,,"GJ 1245 B",87165,,"GJ 1245 B",,,"-",,"m",4.7,0.9,4.6,0.7,15.6416793
55,113020,,"IL Aquarii",82052,"IL Aquarii","Gl 876",,,,,"M5",4.7,1.5,1.9,-4.1,11.80873536
57,54211,,"Gl 412",40129,,"Gl 412 A",,,,,"M2Vvar",4.8,-2.1,0.4,4.3,10.31922222
56,0,,"WX Ursae Majoris",86558,"WX Ursae Majoris","Gl 412 B",,,"-",,"M6 e",4.8,-2.1,0.4,4.3,15.97922222
59,49908,,"Groombridge 1618",36999,,"Gl 380",,88230,,"Groombridge 1618","K8V",4.9,-2.9,0.7,3.8,8.151098416
58,0,,"AD Leonis",86503,"AD Leonis","Gl 388",,,"-",,"M4.5Ve",4.9,-2.3,-1.7,4,10.94708613
62,106440,1,"Gl 832",77377,,"Gl 832",,204961,,,"M1V",4.9,3.3,-0.6,-3.6,10.20244681
60,82725,,"Hip 82725",59498,,,,,,,,4.9,4.1,-2.6,-1,13.25758716
61,85605,,"Hip 85605",61605,,,,,,,,4.9,2.9,3.2,2.3,12.92416161
65,19849,1,"40 Eridani A",13916,"40 Omicron 2 Eridani","Gl 166",,26965,1325,,"K1V",5,-3.7,-1.4,-3.1,5.915956445
63,0,,"40 Eridani B",86099,,"Gl 166 B",,26976,"-",,"DA4",5,-3.7,-1.4,-3.1,11.00595645
64,0,,"DY Eridani",86100,"DY Eridani","Gl 166 C",,,"-",,"dM4.5e",5,-3.7,-1.4,-3.1,12.65595645
66,86214,1,"Gl 682",62056,,"Gl 682",,,,,"M5",5,4.9,-1.2,-0.6,12.43683257
67,112460,,"EV Lacertae",81670,"EV Lacertae","Gl 873",,,,,"M4.5Ve",5,-0.9,4.8,-1.1,11.74409351
69,88601,,"70 Ophiuchi",63802,"70 Ophiuchi","Gl 702",,165341,6752,,"K0V SB",5.1,4.3,2.5,1,5.678138459
68,0,,"Gl 702 B",87044,,"Gl 702 B",,,"-",,"K5 Ve",5.1,4.3,2.5,1,7.468138459
70,97649,,"Altair",70683,"53 Alpha Aquilae","Gl 768",,187642,7557,"Altair","A7IV-V",5.1,3.4,3.8,-0.8,2.213928062
73,1242,,"GJ 1005",915,,"GJ 1005",,,,,"M:",5.2,0.1,1.2,-5.1,13.4449222
71,0,,"GJ 1116",86401,,"GJ 1116 A",,,"-",,"m",5.2,-3.7,-1.9,3.1,15.46857485
72,0,,"GJ 1116 B",86402,,"GJ 1116 B",,,"-",,"m",5.2,-3.7,-1.9,3.1,16.32857485
75,57544,,"Gl 445",42464,,"Gl 445",,,,,"M4",5.4,-2.5,3.4,3.3,12.14148544
76,67155,1,"BD+15°2620",48939,,"Gl 526","BD+15°2620",119850,,,"M3V",5.4,1.6,-0.2,5.2,9.785622766
74,0,,"NN 3379",86226,,"NN 3379",,,"-",,"M4",5.4,-4.8,-2.2,-0.9,12.68106427
78,21088,,"Gl 169.1",14861,,"Gl 169.1",,,,,,5.5,-4.6,2.9,0.7,12.37270754
77,0,,"Gl 169.1B",86129,,"Gl 169.1B",,,"-",,"DC5",5.5,-4.6,2.9,0.7,13.73270754
79,33226,1,"Hip 33226",24133,,,,265866,,,"K:...",5.5,-5.3,-0.3,1.4,11.18222855
80,103039,1,"Hip 103039",74799,,,,,,,,5.5,3.9,2.3,-3.1,12.71214588
81,53020,,"Gl 402",39291,,"Gl 402",,,,,"M4:",5.6,-1.5,-2.9,4.6,12.89550239
85,25878,1,"BD-03°1123",18345,,"Gl 205","BD-03°1123",36395,,,"M1V",5.7,-4.8,-2.4,-1.9,9.184105973
86,82817,,"V1054 Ophiuchi",59567,"V1054 Ophiuchi","Gl 644 A",,152751,,,"M3Ve",5.7,5.3,1,2.1,10.89561468
82,0,,"Gl 644 B",86958,,"Gl 644 B",,,"-",,,5.7,5.3,1,2.1,11.10561468
83,0,,"Gl 644 C",86959,,"Gl 644 C",,,"-",,"M7",5.7,5.3,1,2.1,17.98561468
84,0,,"Gl 754",87128,,"Gl 754",,,"-",,"M4.5",5.7,5.2,-0.7,-2.3,13.45385881
88,26857,,"Gl 213",19114,,"Gl 213",,,,,"M5",5.8,-5.6,-1.4,-0.9,12.71746735
89,29295,,"BD-21°1377",20990,,"Gl 229","BD-21°1377",42581,,,"M1/M2V",5.8,-3.6,-4.1,-1.8,9.332614061
87,0,,"Gl 251",86267,,"Gl 251",,,"-",,"dM4",5.8,-5.6,-0.3,1.5,11.2077486
90,86990,,"Gl 693",62623,,"Gl 693",,,,,"M5",5.8,5.1,-2.4,-1.5,11.92865199
91,96100,,"Sigma Draconis",69496,"61 Sigma Draconis","Gl 764",,185144,7462,,"K0V",5.8,-1,5.2,2.1,5.875370691
94,37766,,"YZ Canis Minoris",27654,"YZ Canis Minoris","Gl 285",,,,,"M4.5Ve",5.9,-4.7,-3.4,1.4,12.33415905
92,0,,"Gl 300",86354,,"Gl 300",,,"-",,"M4",5.9,-2.8,-5.1,0.7,13.25224461
95,73184,,"Gl 570",52958,,"Gl 570",,131977,5568,,"K4V",5.9,4.6,-1.8,3.2,6.893541299
96,76074,,"Gl 588",54906,,"Gl 588",,,,,"M0",5.9,5.2,-2.7,1.2,10.44325725
97,94761,,"Gl 752",68481,,"Gl 752",,180617,,,"M3.5V",5.9,4.5,3.8,-0.3,10.26556315
93,0,,"Gl 752 B",87126,,"Gl 752 B",,,"-",,"dM5 e",5.9,4.5,3.8,-0.3,18.67556315
100,3821,1,"Eta Cassiopeiae",2666,"24 Eta Cassiopeiae","Gl 34",,4614,219,,"G0V SB",6,-3.2,5,-0.5,4.57641715
98,0,,"Gl 34 B",85824,,"Gl 34 B",,,"-",,"K7 V",6,-3.2,5,-0.5,8.63641715
99,0,,"36 Ophiuchi",86981,"36 Ophiuchi","Gl 663",,155886,6402,,"K1 Ve",6,5.9,-0.2,0.7,6.184622333
101,84405,,"Gl 663 B",60718,,"Gl 663 B",,155885,6401,,"K2:III:",6,5.9,-0.2,0.7,6.224622333
102,84478,,"Gl 664",60770,,"Gl 664",,156026,,,"K5V",6,5.9,-0.2,0.7,7.450851758
103,117473,,"Gl 908",85152,,"Gl 908",,,,,"M2V",6,-0.2,3.3,-5,10.10020369
105,0,,"GJ 1221",87030,,"GJ 1221",,,"-",,"DXP9",6.1,-1,5.2,3.1,15.208272
107,15510,1,"82 Eridani",10892,"82 Eridani","Gl 139",,20794,1008,,"G8V",6.1,-1.1,-3.2,-5,5.347682914
108,71253,,"BD-11°3759",51649,,"Gl 555","BD-11°3759",,,,"M4",6.1,4.1,-1.6,4.2,12.37772159
109,99240,1,"Delta Pavonis",71911,"Delta Pavonis","Gl 780",,190248,7665,,"G5IV-Vvar",6.1,4.5,-2.6,-3.3,4.630641309
110,99461,,"Gl 783",72089,,"Gl 783",,191408,7703,,"K2V",6.1,5.2,0.5,-3.1,6.410575932
106,0,,"Gl 783 B",87186,,"Gl 783 B",,,"-",,"M3.5",6.1,5.2,0.5,-3.1,12.59057593
104,0,,"NN 3323",86162,,"NN 3323",,,"-",,"m",6.1,-4.9,-2.4,-2.8,13.16093802
112,0,,"GJ 1128",86468,,"GJ 1128",,,"-",,"m",6.2,1.8,-5.8,-1.3,13.81412938
115,45343,,"Gl 338",33545,,"Gl 338",,79210,,,"M0V",6.2,-4.4,1.2,4.2,8.662072405
118,99701,,"Gl 784",72269,,"Gl 784",,191849,,,"M0V",6.2,5.2,-0.5,-3.4,9.00642103
119,116132,,"EQ Pegasi",84222,"EQ Pegasi","Gl 896",,,,,"M6Ve",6.2,-0.7,4.8,-3.9,11.40141406
114,0,,"Gl 896 B",87426,,"Gl 896 B",,,"-",,"dM6 e",6.2,-0.7,4.8,-3.9,13.42141406
111,0,,"NN 3454",86310,,"NN 3454",,,"-",,"m",6.2,-5.1,-3.2,1.4,14.26757507
113,0,,"NN 3877",86838,,"NN 3877",,,"-",,"dM8",6.2,5,-2.4,2.8,18.08412938
116,86961,,"Hip 86961",62600,,,,,,,"M2V:",6.2,6.2,-0.3,-0.2,11.53448993
117,86963,,"Hip 86963",62601,,,,,,,"M2V:",6.2,6.2,-0.3,-0.2,12.43448993
123,120005,,"Gl 338 B",33548,,"Gl 338 B",,79211,,,"K2",6.3,-4.5,1.2,4.3,8.723531135
121,74995,,"BD-07°4003",54185,,"Gl 581","BD-07°4003",,,,"M5",6.3,4.8,-0.5,4,11.5740757
122,84140,,"BD+45°2505",60536,,"Gl 661","BD+45°2505",155876,,,"K5",6.3,1.6,4.8,3.7,10.95562057
120,0,,"Gl 661 B",86980,,"Gl 661 B",,,"-",,"M3.5",6.3,1.6,4.8,3.7,11.39562057
124,0,,"GJ 2097",86703,,"GJ 2097",,,"-",,"m",6.4,0.7,-0.4,6.4,13.54562299
125,34603,,"Gl 268",25198,,"Gl 268",,,,,"M5Ve",6.4,-6,0.1,2.2,12.47281518
126,54298,,"Hip 54298",40195,,,,,,,,6.4,1.9,-6.1,0.7,12.64557761
128,0,,"GJ 1156",86649,,"GJ 1156",,,"-",,"dM e",6.5,0.2,-2,6.2,14.73203743
127,0,,"Gl 223.2",86219,,"Gl 223.2",,,"-",,"DZ9",6.5,-5.4,-3.1,-1.6,15.39885478
129,82809,,"Gl 643",59563,,"Gl 643",,,,,"M4",6.5,5.9,1.2,2.3,12.73703951
130,114622,,"Gl 892",83171,,"Gl 892",,219134,8832,,"K3Vvar",6.5,-2.2,6.1,-0.4,6.486860717
131,53767,,"Gl 408",39825,,"Gl 408",,,,,"M3",6.6,-2.3,-1.7,6,10.91430944
132,80459,,"Gl 625",57885,,"Gl 625",,,,,"M2",6.6,0.6,4.8,4.5,11.02821769
134,72659,,"Xi Boötis A",52586,"37 Xi Boötis","Gl 566",,131156,5544,,"G8V + K4V",6.7,3,1.3,5.9,5.569717186
133,0,,"Gl 566 B",86831,,"Gl 566 B",,,"-",,"K4 Ve",6.7,3,1.3,5.9,7.839717186
135,106106,,"Gl 829",77119,,"Gl 829",,,,,"M4",6.7,2.2,5.8,-2.7,11.15555933
136,0,,"Gl 299",86352,,"Gl 299",,,"-",,"dM5",6.8,-5.2,-3.5,2.5,13.68130858
137,0,,"NN 4285",87369,,"NN 4285",,,"-",,"m",6.8,3.7,-2.9,-4.9,12.28658667
138,114176,,"Hip 114176",82870,,,,,,,,6.8,2.6,0.6,-6.2,13.13057485
139,0,,"Gl 293",86332,,"Gl 293",,,"-",,"DQ9",6.9,1.2,-6.4,-2.3,14.88234266
140,113296,,"BD+15°4733",82242,,"Gl 880","BD+15°4733",216899,,,"M2:",6.9,0.3,5.4,-4.3,9.480879683
143,84709,,"Gl 667",60944,,"Gl 667",,156384,6426,,"K4V",7,6.9,-1,0.2,7.073502763
141,0,,"Gl 667 B",86989,,"Gl 667 B",,,"-",,"K5 V",7,6.9,-1,0.2,7.983502763
142,0,,"Gl 667 C",86990,,"Gl 667 C",,,"-",,"M2.5",7,6.9,-1,0.2,11.02350276
144,103096,,"Gl 809",74843,,"Gl 809",,199305,,,"M2V",7,-1,6.8,1.4,9.310676984
147,0,,"GJ 1286",87430,,"GJ 1286",,,"-",,"M5",7.2,0.4,3.7,-6.2,15.39881615
148,12114,,"Gl 105",8475,,"Gl 105",,16160,753,,"K3V",7.2,-4.7,1.4,-5.3,6.530695401
145,0,,"Gl 105 B",85972,,"Gl 105 B",,,"-",,"dM4.5",7.2,-4.7,1.4,-5.3,12.3706954
149,51317,,"BD+01°2447",38069,,"Gl 393","BD+01°2447",,,,"M2",7.2,-2.1,-4.5,5.3,10.34395388
146,0,,"NN 3737",86672,,"NN 3737",,,"-",,"M4",7.2,3.3,-5.7,3,13.455074
151,83945,,"NN 3991",60393,,"NN 3991",,,,,"M3",7.3,2.1,5.5,4.3,12.49687632
150,0,,"NN 4053",87058,,"NN 4053",,,"-",,"m",7.3,-0.7,6.4,3.4,14.16835269
152,0,,"GJ 1230",87078,,"GJ 1230 A",,,"-",,"k-m",7.4,4.2,5.8,1.7,13.06769454
153,0,,"GJ 1230 B",87079,,"GJ 1230 B",,,"-",,"m",7.4,4.2,5.8,1.7,14.66769454
155,0,,"GJ 1224",87045,,"GJ 1224",,,"-",,"m",7.5,7.3,1.8,0.3,14.24435461
154,0,,"GJ 2005",85790,,"GJ 2005",,,"-",,"M5.5",7.5,0.7,0.4,-7.5,16.03599038
157,2021,1,"Beta Hydri",1451,"Beta Hydri","Gl 19",,2151,98,,"G2IV",7.5,3.3,-4.7,-4.8,3.431955958
158,3765,,"BD+04°123",2628,,"Gl 33","BD+04°123",4628,222,,"K2V",7.5,-2.1,3.4,-6.3,6.376172096
160,73182,,"BD-20°4123",52956,,"Gl 570 B","BD-20°4123",131976,,,"K5V",7.5,5.8,-2.3,4,8.629519842
159,7981,,"107 Piscium",5587,"107 Piscium","Gl 68",,10476,493,,"K1V",7.5,-4.2,3.7,-4.9,5.85406505
156,0,,"NN 4274",87348,,"NN 4274",,,"-",,"M4",7.5,3.3,2.8,-6.1,13.88714389
165,12781,,"Gl 109",8959,,"Gl 109",,,,,"M3.5Ve",7.6,-5.8,3,-3.9,11.17976792
166,65859,,"BD+11°2576",48033,,"Gl 514","BD+11°2576",,,,"M1V",7.6,2.2,-1.1,7.2,9.638344703
164,5336,,"30 Mu Cassiopeiae",3738,"30 Mu Cassiopeiae","Gl 53",,6582,321,,"G5Vp",7.6,-4.3,6.1,-1,5.779439926
161,0,,"Gl 53 B",85852,,"Gl 53 B",,,"-",,,7.6,-4.3,6.1,-1,11.60943993
167,113283,,"TW Piscis Austrini",82234,"TW Piscis Austrini","Gl 879",,216803,8721,,"K4Vp",7.6,3.1,0.9,-6.9,7.065361683
162,0,,"NN 3193 B",86003,,"NN 3193 B",,,"-",,"M3",7.6,-3.8,-1.4,-6.5,12.38635648
163,0,,"NN 3378",86225,,"NN 3378",,,"-",,"m",7.6,-6.5,3.2,2.2,12.31615728
168,61874,,"Gl 480.1",45409,,"Gl 480.1",,,,,"M4",7.7,3.7,-6.2,2.5,12.81838533
169,85295,,"BD+02°3312",61373,,"Gl 673","BD+02°3312",157881,,,"K7V",7.7,6.6,3,2.6,8.092019464
170,113368,,"Fomalhaut",82291,"24 Alpha Piscis Austrini","Gl 881",,216956,8728,"Fomalhaut","A3V",7.7,3.1,1.1,-7,1.731052641
172,0,,"GJ 1093",86275,,"GJ 1093",,,"-",,"m",7.8,-7.3,-2.2,1.4,15.38126459
174,49986,,"BD-03°2870",37056,,"Gl 382","BD-03°2870",,,,"M3",7.8,-2.5,-5.4,5.1,9.805880195
175,88574,,"BD-03°4233",63780,,"Gl 701","BD-03°4233",165222,,,"M2V",7.8,7,3.2,1.2,9.920794756
176,91262,,"Vega",65795,"3 Alpha Lyrae","Gl 721",,172167,7001,"Vega","A0Vvar",7.8,2.8,6.8,2.6,0.581769913
173,0,,"Gl 915",87475,,"Gl 915",,,"-",,"DA5",7.8,2.2,-1.2,-7.4,13.58944013
171,0,,"NN 3417",86271,,"NN 3417",,,"-",,"m",7.8,-6.3,3.1,3.2,14.20294855
177,0,,"NN 3789",86734,,"NN 3789",,,"-",,"M4 e",7.9,0.8,1,7.8,12.45185273
178,0,,"GJ 1087",86220,,"GJ 1087",,,"-",,"DAP9",8,-7.3,-2.9,-1.3,14.58628655
181,22449,,"1 Pi 3 Orionis",15856,"1 Pi 3 Orionis","Gl 178",,30652,1543,,"F6V",8,-7.2,-1.5,-3.1,3.667590212
182,33499,1,"Gl 257",24345,,"Gl 257",,,,,"M4+...",8,-2.1,-7.4,-2.4,11.97793873
179,0,,"Gl 257 B",86274,,"Gl 257 B",,,"-",,"M3",8,-2.1,-7.4,-2.4,12.17793873
183,80346,,"Gl 623",57809,,"Gl 623",,,,,"M3",8,1.5,5.6,5.6,10.75305432
184,101180,1,"Gl 793",73397,,"Gl 793",,,,,"M3",8,-1.3,7.6,2.1,11.05529395
185,106255,,"Gl 831",77240,,"Gl 831",,,,,"M4e...",8,4.5,4.2,-5.1,12.53142089
180,0,,"Gl 831 B",87272,,"Gl 831 B",,,"-",,,8,4.5,4.2,-5.1,15.38142089
188,0,,"GJ 1123",86445,,"GJ 1123",,,"-",,"m",8.1,2.9,-7.1,-2.7,13.54952556
191,0,,"GJ 1276",87392,,"GJ 1276",,,"-",,"DZ9+",8.1,2,4.1,-6.6,16.12060798
192,0,,"GJ 1289",87447,,"GJ 1289",,,"-",,"k",8.1,-2.3,7,-3.3,13.01952556
187,0,,"GJ 2034",86111,,"GJ 2034",,,"-",,"DA8",8.1,-1.4,-5.6,-5.7,14.80952556
193,4856,,"Gl 48",3401,,"Gl 48",,,,,"M3.5e",8.1,-4.5,6.7,1.3,10.48546128
189,0,,"Gl 493.1",86699,,"Gl 493.1",,,"-",,"dM5 e",8.1,1.9,-2.3,7.6,13.84599183
194,5496,,"Gl 54",3850,,"Gl 54",,,,,"K",8.1,2.6,-4.6,-6.2,10.24705255
186,0,,"Gl 66",85896,,"Gl 66",,10361,487,,"K2 V",8.1,1.4,-3.9,-7,6.245107504
195,7751,,"p Eridani",5416,,"Gl 66 B",,10360,486,"p Eridani","K0V",8.1,1.4,-3.9,-7,6.345107504
196,86287,,"BD+18°3421",62111,,"Gl 686","BD+18°3421",,,,"M1",8.1,5.5,5,3.3,10.06987861
197,89937,,"44 Chi Draconis",64810,"44 Chi Draconis","Gl 713",,170153,6927,,"F7Vvar",8.1,-1.7,6.9,3.8,4.039033878
198,113576,,"Gl 884",82435,,"Gl 884",,217357,,,"K5/M0V",8.1,2.8,2.1,-7.3,8.325991834
190,0,,"NN 4063",87072,,"NN 4063",,,"-",,"M3 p",8.1,2.8,7.1,2.8,11.88710843
204,38956,,"GJ 1105",28576,,"GJ 1105",,,,,"M4V",8.2,-7.1,0.2,4,12.44121217
199,0,,"GJ 1151",86610,,"GJ 1151",,,"-",,"m",8.2,-2.9,1.8,7.5,13.67823644
201,0,,"GJ 1227",87064,,"GJ 1227",,,"-",,"m",8.2,-0.2,7.3,3.8,13.829304
205,62452,,"Gl 486",45781,,"Gl 486",,,,,"M4",8.2,1.2,-2.1,7.8,11.80787985
200,0,,"Gl 518",86742,,"Gl 518",,,"-",,"DZ9",8.2,3.1,-1.8,7.4,15.08535603
206,76901,,"Gl 595",55474,,"Gl 595",,,,,"M5",8.2,7.1,-1.4,3.8,12.29930587
202,0,,"Gl 747",87110,,"Gl 747",,,"-",,"M3.5 J",8.2,3.5,7.2,1.6,12.30245235
203,0,,"Gl 747 B",87111,,"Gl 747 B",,,"-",,"M5 K",8.2,3.5,7.2,1.6,12.60245235
207,93449,,"Hip 93449",67478,,,,,,,"A5IIevar",8.2,7.8,0,-2.5,11.99734485
208,0,,"Gl 232",86245,,"Gl 232",,,"-",,"M4.5",8.3,-8.2,-1.3,0.7,13.45590623
209,20968,,"Hip 20968",14769,,,,,,,,8.3,-4.1,-4.6,-5.6,11.82853635
210,0,,"Gl 438",86602,,"Gl 438",,,"-",,"K0",8.4,3.2,-7.7,1.4,10.73773481
214,61317,1,"Chara",45037,"8 Beta Canum Venaticorum","Gl 475","BD+42°2321",109358,4785,,"G0V",8.4,-1.5,1.5,8.1,4.656112552
215,86974,,"86 Mu Herculis",62610,"86 Mu Herculis","Gl 695",,161797,6623,,"G5IV",8.4,4.6,6,3.6,3.798646999
211,0,,"Gl 695 B",87025,,"Gl 695 B",,,"-",,"M3 J",8.4,4.6,6,3.6,10.728647
212,0,,"Gl 695 C",87026,,"Gl 695 C",,,"-",,"M4 K",8.4,4.6,6,3.6,11.178647
213,31292,,"Hip 31292",22631,,,,,,,,8.4,2.1,-7.1,-3.8,11.79756626
218,0,,"GJ 1057",86018,,"GJ 1057",,,"-",,"m",8.5,-6.2,0.5,-5.8,14.16124949
220,0,,"GJ 1154",86641,,"GJ 1154",,,"-",,"m",8.5,0.9,-3.9,7.5,14.09308738
222,23452,1,"BD-21°1051",16578,,"Gl 185","BD-21°1051",32450,,,"M0V",8.5,-5.3,-4.8,-4.6,8.807970526
219,0,,"Gl 185 B",86163,,"Gl 185 B",,,"-",,,8.5,-5.3,-4.8,-4.6,10.84797053
223,64924,,"61 Virginis",47397,"61 Virginis","Gl 506","BD-17°3813",115617,5019,,"G5V",8.5,4.1,-4.6,5.9,5.086490061
224,80018,,"Gl 618",57578,,"Gl 618",,,,,"M4",8.5,8,-2.5,1.3,10.95996204
221,0,,"Gl 618 B",86921,,"Gl 618 B",,,"-",,"M5 :",8.5,8,-2.5,1.3,14.50996204
216,0,,"NN 3076",85857,,"NN 3076",,,"-",,"m",8.5,-3.7,4.4,-6.2,14.71941004
217,0,,"NN 3146",85942,,"NN 3146",,,"-",,"m",8.5,-5.4,2.8,-5.9,16.15308738
227,1599,,"Zeta Tucanae",1161,"Zeta Tucanae","Gl 17",,1581,77,,"F9V",8.6,3.3,-4.2,-6.8,4.549391764
228,57802,,"BD+36°2219",42631,,"Gl 450","BD+36°2219",,,,"M1V",8.6,-2.2,0.1,8.3,10.06944403
229,93873,,"Gl 745",67819,,"Gl 745",,,,,"M2",8.6,5.1,6.9,0.9,11.08060453
230,111802,,"FK Aquarii",81200,"FK Aquarii","Gl 867",,214479,,,"M0Vpe",8.6,3.5,2.7,-7.4,9.416854468
226,0,,"Gl 867 B",87375,,"Gl 867 B",,,"-",,"dM4 e",8.6,3.5,2.7,-7.4,11.76685447
231,113229,,"Gl 877",82197,,"Gl 877",,,,,"K",8.6,4.4,-4.9,-5.5,10.72266431
225,0,,"NN 3517",86395,,"NN 3517",,,"-",,"m",8.6,-4.8,-6.1,3.6,19.13721421
234,14559,,"GJ 1054 B",10205,,"GJ 1054 B",,,,,,8.7,-3.2,-3,-7.5,13.38838497
235,25578,,"Gl 203",18132,,"Gl 203",,,,,"M5",8.7,-8.2,-2.1,-2.1,12.78424437
236,27913,1,"54 Chi 1 Orionis",19922,"54 Chi 1 Orionis","Gl 222",,39587,2047,,"G0V",8.7,-8.6,-1.3,-0.4,4.711593478
237,32984,,"BD-05°1844",23943,,"Gl 250","BD-05°1844",50281,,,"K3V",8.7,-6.9,-5.3,-0.3,6.892355964
232,0,,"Gl 250 B",86266,,"Gl 250 B",,,"-",,"M2",8.7,-6.9,-5.3,-0.3,10.39235596
233,0,,"NN 3839",86798,,"NN 3839",,,"-",,"m",8.7,1.8,2.2,8.2,13.4034892
238,0,,"GJ 1103",86325,,"GJ 1103 A",,,"-",,"m",8.8,-6.6,-5.5,2,13.78071131
239,0,,"GJ 1103 B",86326,,"GJ 1103 B",,,"-",,"m",8.8,-6.6,-5.5,2,15.28071131
240,0,,"GJ 2069 B",86366,,"GJ 2069 B",,,"-",,,8.8,-6.8,-3.2,4.4,13.60452426
244,23311,,"Gl 183",16473,,"Gl 183",,32147,1614,,"K3V",8.8,-7.1,-3.3,-4,6.494213896
246,84720,,"41 Arae",60954,"41 Arae","Gl 666 B",,156274,6416,,"M0V",8.8,8.3,-2.7,-0.8,5.810902117
242,0,,"Gl 666 B",86987,,"Gl 666 B",,,"-",,"M0 V",8.8,8.3,-2.7,-0.8,8.970902117
247,99825,,"Gl 785",72361,,"Gl 785",,192310,7722,,"K3V",8.8,7.4,2.1,-4.3,6.001724444
243,0,,"HU Delphini",87198,"HU Delphini","Gl 791.2",,,"-",,"dM6 e",8.8,5,6.7,-2.5,13.33833052
248,109388,,"BD-05°5715",79518,,"Gl 849","BD-05°5715",,,,"M3",8.8,3.5,5.1,-6.2,10.65395274
241,0,,"NN 3667",86589,,"NN 3667",,,"-",,"DC8",8.8,-1.8,-2.5,8.2,14.07452426
245,31293,,"Hip 31293",22626,,,,,,,,8.8,2.2,-7.5,-4,10.63795019
250,0,,"Gl 283",86317,,"Gl 283",,,"-",,"DZQ6",8.9,-5.2,-7.2,0.4,13.24609011
251,0,,"Gl 283 B",86318,,"Gl 283 B",,,"-",,"m",8.9,-5.2,-7.2,0.4,16.66609011
252,0,,"Gl 318",86380,,"Gl 318",,,"-",,"DA6",8.9,-2.4,-8.5,0.9,12.13189878
255,60559,,"Gl 465",44523,,"Gl 465",,,,,"M4",8.9,2.6,-5.8,6.2,11.53614862
256,93899,,"Gl 745 B",67835,,"Gl 745 B",,349726,,,"M2",8.9,5.3,7.1,0.9,11.01193048
249,0,,"NN 3128",85918,,"NN 3128",,,"-",,"m",8.9,-5.1,2.9,-6.7,15.85609011
253,0,,"NN 3707",86635,,"NN 3707",,,"-",,"m",8.9,1.9,-5.8,6.5,12.30609011
254,0,,"NN 3820",86780,,"NN 3820",,,"-",,"K2 :",8.9,5.5,-4,5.8,13.24609011
260,17378,,"23 Delta Eridani",12165,"23 Delta Eridani","Gl 150",,23249,1136,,"K0IV",9,-6,-2,-6.5,3.748382928
261,27072,,"13 Gamma Leporis",19278,"13 Gamma Leporis","Gl 216",,38393,1983,,"F7V",9,-5.6,-6,-3.7,3.816179577
258,0,,"Gl 216 B",86212,,"Gl 216 B",,38392,1982,,"K2 V",9,-5.6,-6,-3.7,6.366179577
262,47103,,"Gl 357",34915,,"Gl 357",,,,,"K",9,-2.3,-8,3.4,11.15462087
263,56528,,"Gl 433",41760,,"Gl 433",,,,,"M2V",9,2.1,-7.7,4.2,10.04975709
257,0,,"Gl 51",85846,,"Gl 51",,,"-",,"M5",9,-5.1,7.4,-0.1,13.88465773
264,108706,,"NN 4247",79022,,"NN 4247",,,,,,9,1,8.3,-3.2,12.24773717
259,0,,"NN 4360",87450,,"NN 4360",,,"-",,"m",9,1.2,2.6,-8.5,14.72661489
265,55360,,"SZ Ursae Majoris",40967,"SZ Ursae Majoris","Gl 424",,,,,"M1Vvar",9.1,-4.4,4.1,6.8,9.515976168
266,66906,,"NN 3801",48765,,"NN 3801",,,,,"M:",9.1,0.8,1.8,8.9,12.17479087
267,82724,,"Hip 82724",59497,,,,,,,"Mp",9.1,7.5,-4.8,-1.9,12.04845831
272,40501,,"GJ 2066",29769,,"GJ 2066",,,,,,9.2,-6.4,-5.7,3,10.29170967
271,15457,1,"96 Kappa 1 Ceti",10860,"96 Kappa 1 Ceti","Gl 137",,20630,996,,"G5Vvar",9.2,-6.7,0.2,-6.3,5.01071545
273,57443,1,"HR 4523",42401,,"Gl 442",,102365,4523,,"G3/G5V",9.2,2.9,-8.1,3.3,5.071738292
269,0,,"Gl 442 B",86604,,"Gl 442 B",,,"-",,,9.2,2.9,-8.1,3.3,15.17173829
274,57939,,"Groombridge 1830",42721,,"Gl 451",,103095,4550,"Groombridge 1830","G8Vp",9.2,-2.5,0.5,8.8,6.641312036
270,0,,"CF Ursae Majoris",86613,"CF Ursae Majoris","Gl 451 B",,,"-",,,9.2,-2.5,0.5,8.8,12.19131204
275,64394,,"43 Beta Comae Berenices",47030,"43 Beta Comae Berenices","Gl 502","BD+28°2193",114710,4983,,"G0V",9.2,0.5,0.5,9.1,4.451709668
276,105858,,"Gamma Pavonis",76933,"Gamma Pavonis","Gl 827",,203608,8181,,"F6V",9.2,6,-3.7,-6,4.397148691
268,0,,"NN 3421",86279,,"NN 3421",,,"-",,"M4.5",9.2,-8.1,2.3,3.6,13.48912375